Workbook

Sheet 0. Cómo usar
A1: CUADRO DE MANDO DEL TITULAR
A2: El complemento de la Edición #24 de farmapro Impulso · Datos que venden
A5: QUÉ ES
A6: Tu farmacia entera en una pantalla, en 5 minutos al mes. | B6: Metes cuatro o cinco datos cada mes en la hoja "1. Entrada mensual" y la hoja "2. Cuadro de mando" calcula sola los 7 números que mandan, con un semáforo de color que compara cada mes con tu propio histórico.
A8: CÓMO USARLO
A9: 1. Rellena solo las celdas amarillas. | B9: En "1. Entrada mensual", una fila por mes. Lo demás se calcula solo.
A10: 2. Saca los datos de tu programa de gestión. | B10: Venta, número de operaciones (tickets), coste de lo vendido, venta libre y unidades. Los dos últimos (stock parado y % que repite) son opcionales.
A11: 3. Mira el cuadro de mando. | B11: Cada mes, lee la última fila y fíjate en los colores: verde es mejor que el mes anterior, rojo es peor. Sal con UNA decisión.
A13: EL SEMÁFORO (importante)
A14: Verde / rojo por columna. | B14: El color compara cada mes con los demás de tu propia hoja, no con medias de fuera. En casi todos los números, verde = más alto = mejor.
A15: Ojo con el stock muerto. | B15: En esa columna es al revés: verde = más bajo = mejor (menos dinero parado en cajones).
A17: LA REGLA
B18: Mirar los números no mejora la farmacia: lo que la mejora es lo que haces después. Cada mes, una sola decisión. Un número que miras y no mueve nada es tiempo perdido.

Sheet Entrada mensual
A1: Mes | B1: Venta total (€) | C1: Nº operaciones | D1: Coste de lo vendido (€) | E1: Venta libre (€) | F1: Unidades vendidas | G1: Stock parado (€) · opc. | H1: % que repite · opc.
A2: Enero
A3: Febrero
A4: Marzo
A5: Abril
A6: Mayo
A7: Junio
A8: Julio
A9: Agosto
A10: Septiembre
A11: Octubre
A12: Noviembre
A13: Diciembre

Sheet 2. Cuadro de mando
A1: CUADRO DE MANDO · LOS 7 NÚMEROS
A2: Se calcula solo desde "1. Entrada mensual". Verde = mejor que tus otros meses; rojo = peor. (Stock muerto: al revés.)
A4: Mes | B4: Ticket medio (€) | C4: Nº operaciones | D4: Margen bruto | E4: Peso venta libre | F4: Uds / ticket | G4: Stock muerto (€) | H4: Recurrencia
A5: ='Entrada mensual'!A2 | B5: =IFERROR('Entrada mensual'!B2/'Entrada mensual'!C2,"") | C5: =IFERROR('Entrada mensual'!C2,"") | D5: =IFERROR(('Entrada mensual'!B2-'Entrada mensual'!D2)/'Entrada mensual'!B2,"") | E5: =IFERROR('Entrada mensual'!E2/'Entrada mensual'!B2,"") | F5: =IFERROR('Entrada mensual'!F2/'Entrada mensual'!C2,"") | G5: =IFERROR('Entrada mensual'!G2,"") | H5: =IFERROR('Entrada mensual'!H2/100,"")
A6: ='Entrada mensual'!A3 | B6: =IFERROR('Entrada mensual'!B3/'Entrada mensual'!C3,"") | C6: =IFERROR('Entrada mensual'!C3,"") | D6: =IFERROR(('Entrada mensual'!B3-'Entrada mensual'!D3)/'Entrada mensual'!B3,"") | E6: =IFERROR('Entrada mensual'!E3/'Entrada mensual'!B3,"") | F6: =IFERROR('Entrada mensual'!F3/'Entrada mensual'!C3,"") | G6: =IFERROR('Entrada mensual'!G3,"") | H6: =IFERROR('Entrada mensual'!H3/100,"")
A7: ='Entrada mensual'!A4 | B7: =IFERROR('Entrada mensual'!B4/'Entrada mensual'!C4,"") | C7: =IFERROR('Entrada mensual'!C4,"") | D7: =IFERROR(('Entrada mensual'!B4-'Entrada mensual'!D4)/'Entrada mensual'!B4,"") | E7: =IFERROR('Entrada mensual'!E4/'Entrada mensual'!B4,"") | F7: =IFERROR('Entrada mensual'!F4/'Entrada mensual'!C4,"") | G7: =IFERROR('Entrada mensual'!G4,"") | H7: =IFERROR('Entrada mensual'!H4/100,"")
A8: ='Entrada mensual'!A5 | B8: =IFERROR('Entrada mensual'!B5/'Entrada mensual'!C5,"") | C8: =IFERROR('Entrada mensual'!C5,"") | D8: =IFERROR(('Entrada mensual'!B5-'Entrada mensual'!D5)/'Entrada mensual'!B5,"") | E8: =IFERROR('Entrada mensual'!E5/'Entrada mensual'!B5,"") | F8: =IFERROR('Entrada mensual'!F5/'Entrada mensual'!C5,"") | G8: =IFERROR('Entrada mensual'!G5,"") | H8: =IFERROR('Entrada mensual'!H5/100,"")
A9: ='Entrada mensual'!A6 | B9: =IFERROR('Entrada mensual'!B6/'Entrada mensual'!C6,"") | C9: =IFERROR('Entrada mensual'!C6,"") | D9: =IFERROR(('Entrada mensual'!B6-'Entrada mensual'!D6)/'Entrada mensual'!B6,"") | E9: =IFERROR('Entrada mensual'!E6/'Entrada mensual'!B6,"") | F9: =IFERROR('Entrada mensual'!F6/'Entrada mensual'!C6,"") | G9: =IFERROR('Entrada mensual'!G6,"") | H9: =IFERROR('Entrada mensual'!H6/100,"")
A10: ='Entrada mensual'!A7 | B10: =IFERROR('Entrada mensual'!B7/'Entrada mensual'!C7,"") | C10: =IFERROR('Entrada mensual'!C7,"") | D10: =IFERROR(('Entrada mensual'!B7-'Entrada mensual'!D7)/'Entrada mensual'!B7,"") | E10: =IFERROR('Entrada mensual'!E7/'Entrada mensual'!B7,"") | F10: =IFERROR('Entrada mensual'!F7/'Entrada mensual'!C7,"") | G10: =IFERROR('Entrada mensual'!G7,"") | H10: =IFERROR('Entrada mensual'!H7/100,"")
A11: ='Entrada mensual'!A8 | B11: =IFERROR('Entrada mensual'!B8/'Entrada mensual'!C8,"") | C11: =IFERROR('Entrada mensual'!C8,"") | D11: =IFERROR(('Entrada mensual'!B8-'Entrada mensual'!D8)/'Entrada mensual'!B8,"") | E11: =IFERROR('Entrada mensual'!E8/'Entrada mensual'!B8,"") | F11: =IFERROR('Entrada mensual'!F8/'Entrada mensual'!C8,"") | G11: =IFERROR('Entrada mensual'!G8,"") | H11: =IFERROR('Entrada mensual'!H8/100,"")
A12: ='Entrada mensual'!A9 | B12: =IFERROR('Entrada mensual'!B9/'Entrada mensual'!C9,"") | C12: =IFERROR('Entrada mensual'!C9,"") | D12: =IFERROR(('Entrada mensual'!B9-'Entrada mensual'!D9)/'Entrada mensual'!B9,"") | E12: =IFERROR('Entrada mensual'!E9/'Entrada mensual'!B9,"") | F12: =IFERROR('Entrada mensual'!F9/'Entrada mensual'!C9,"") | G12: =IFERROR('Entrada mensual'!G9,"") | H12: =IFERROR('Entrada mensual'!H9/100,"")
A13: ='Entrada mensual'!A10 | B13: =IFERROR('Entrada mensual'!B10/'Entrada mensual'!C10,"") | C13: =IFERROR('Entrada mensual'!C10,"") | D13: =IFERROR(('Entrada mensual'!B10-'Entrada mensual'!D10)/'Entrada mensual'!B10,"") | E13: =IFERROR('Entrada mensual'!E10/'Entrada mensual'!B10,"") | F13: =IFERROR('Entrada mensual'!F10/'Entrada mensual'!C10,"") | G13: =IFERROR('Entrada mensual'!G10,"") | H13: =IFERROR('Entrada mensual'!H10/100,"")
A14: ='Entrada mensual'!A11 | B14: =IFERROR('Entrada mensual'!B11/'Entrada mensual'!C11,"") | C14: =IFERROR('Entrada mensual'!C11,"") | D14: =IFERROR(('Entrada mensual'!B11-'Entrada mensual'!D11)/'Entrada mensual'!B11,"") | E14: =IFERROR('Entrada mensual'!E11/'Entrada mensual'!B11,"") | F14: =IFERROR('Entrada mensual'!F11/'Entrada mensual'!C11,"") | G14: =IFERROR('Entrada mensual'!G11,"") | H14: =IFERROR('Entrada mensual'!H11/100,"")
A15: ='Entrada mensual'!A12 | B15: =IFERROR('Entrada mensual'!B12/'Entrada mensual'!C12,"") | C15: =IFERROR('Entrada mensual'!C12,"") | D15: =IFERROR(('Entrada mensual'!B12-'Entrada mensual'!D12)/'Entrada mensual'!B12,"") | E15: =IFERROR('Entrada mensual'!E12/'Entrada mensual'!B12,"") | F15: =IFERROR('Entrada mensual'!F12/'Entrada mensual'!C12,"") | G15: =IFERROR('Entrada mensual'!G12,"") | H15: =IFERROR('Entrada mensual'!H12/100,"")
A16: ='Entrada mensual'!A13 | B16: =IFERROR('Entrada mensual'!B13/'Entrada mensual'!C13,"") | C16: =IFERROR('Entrada mensual'!C13,"") | D16: =IFERROR(('Entrada mensual'!B13-'Entrada mensual'!D13)/'Entrada mensual'!B13,"") | E16: =IFERROR('Entrada mensual'!E13/'Entrada mensual'!B13,"") | F16: =IFERROR('Entrada mensual'!F13/'Entrada mensual'!C13,"") | G16: =IFERROR('Entrada mensual'!G13,"") | H16: =IFERROR('Entrada mensual'!H13/100,"")
A18: Cada mes: lee la última fila, mira los colores y sal con UNA decisión. Verde = mejor que tus otros meses; rojo = peor (en stock muerto, al revés).
