Workbook

Sheet Cómo usarla
A1: Termómetro del cliente: encuesta + NPS
A2: Premio exclusivo de la Rebotica · portal farmapro · qué es, quién la pasa y qué hacer con lo que responda la gente
A4: Qué es el NPS | B4: Se pregunta «¿Recomendarías esta farmacia a un amigo o familiar?» en una escala de 0 a 10. Promotores: 9-10. Pasivos: 7-8. Detractores: 0-6.
A5: Cómo se calcula | B5: NPS = % de promotores − % de detractores. El resultado se expresa en puntos, no en porcentaje (puede ir de -100 a +100).
A6: Cómo pasar la encuesta | B6: En tarjeta en el mostrador, por QR o en papel. Se mantiene activa dos semanas seguidas, sin pausas.
A7: Cuántas respuestas hacen falta | B7: Con menos de 30 respuestas no se puede leer nada con garantías: hay que seguir recogiendo antes de sacar conclusiones.
A8: Quién la pasa | B8: El equipo, en el momento de la compra o la consulta. Nunca el titular a solas con clientes de confianza: cambia la respuesta según quién pregunte.
A9: Qué hacer con las quejas | B9: Si la persona deja nombre y teléfono, se le llama en un plazo de 48 horas. No se responde por escrito en la tarjeta.
A10: Qué hacer con el resto de respuestas | B10: Se vuelcan en la hoja «Respuestas» (una fila por persona) y se leen juntas en la hoja «Resultados» al cerrar la tanda.
A11: Después de leer los resultados | B11: Las conclusiones se llevan a la hoja «Plan de acción»: un hallazgo, la palanca que afecta, una acción, un responsable y una fecha.
A13: Plantilla exclusiva de la Rebotica · portal farmapro · solo sale de los cajones

Sheet Cuestionario (imprimir)
A1: Ayúdanos a mejorar: 1 minuto
A2: Tu opinión ayuda al equipo de esta farmacia a mejorar. Gracias por dedicarle un minuto.
A4: 1. ¿Recomendarías esta farmacia a un amigo o familiar? (rodea un número)
A5: 0 | B5: 1 | C5: 2 | D5: 3 | E5: 4 | F5: 5 | G5: 6 | H5: 7 | I5: 8 | J5: 9 | K5: 10
A7: 2. ¿Qué te ha traído hoy? (marca una)
A8: ☐ Receta | C8: ☐ Consejo | E8: ☐ Parafarmacia | G8: ☐ Servicio | I8: ☐ Otro
A10: 3. Valora de 1 a 5 (1 = mal, 5 = muy bien)
A11: Tiempo de espera | E11: 1 | F11: 2 | G11: 3 | H11: 4 | I11: 5
A12: Trato del equipo | E12: 1 | F12: 2 | G12: 3 | H12: 4 | I12: 5
A13: Consejo recibido | E13: 1 | F13: 2 | G13: 3 | H13: 4 | I13: 5
A14: Surtido | E14: 1 | F14: 2 | G14: 3 | H14: 4 | I14: 5
A15: Precio | E15: 1 | F15: 2 | G15: 3 | H15: 4 | I15: 5
A17: 4. ¿Qué es lo que mejor hacemos?
A20: 5. ¿Qué cambiarías?
A23: 6. Si quieres que te llamemos (opcional): nombre y teléfono
A25: Solo usaremos tus datos para responder a tu comentario.
A27: Gracias. Farmacia ______________________________

Sheet Respuestas
A1: Respuestas
A2: Una fila por persona encuestada. La columna «Categoría NPS» se calcula sola a partir de la puntuación.
A4: Nº | B4: Fecha | C4: Puntuación 0-10 | D4: Categoría NPS | E4: Motivo de visita | F4: Espera 1-5 | G4: Trato 1-5 | H4: Consejo 1-5 | I4: Surtido 1-5 | J4: Precio 1-5 | K4: Lo mejor | L4: Cambiaría | M4: Quiere llamada | N4: Llamado
A5: 1 | D5: =IF(C5="","",IF(C5>=9,"Promotor",IF(C5>=7,"Pasivo","Detractor")))
A6: 2 | D6: =IF(C6="","",IF(C6>=9,"Promotor",IF(C6>=7,"Pasivo","Detractor")))
A7: 3 | D7: =IF(C7="","",IF(C7>=9,"Promotor",IF(C7>=7,"Pasivo","Detractor")))
A8: 4 | D8: =IF(C8="","",IF(C8>=9,"Promotor",IF(C8>=7,"Pasivo","Detractor")))
A9: 5 | D9: =IF(C9="","",IF(C9>=9,"Promotor",IF(C9>=7,"Pasivo","Detractor")))
A10: 6 | D10: =IF(C10="","",IF(C10>=9,"Promotor",IF(C10>=7,"Pasivo","Detractor")))
A11: 7 | D11: =IF(C11="","",IF(C11>=9,"Promotor",IF(C11>=7,"Pasivo","Detractor")))
A12: 8 | D12: =IF(C12="","",IF(C12>=9,"Promotor",IF(C12>=7,"Pasivo","Detractor")))
A13: 9 | D13: =IF(C13="","",IF(C13>=9,"Promotor",IF(C13>=7,"Pasivo","Detractor")))
A14: 10 | D14: =IF(C14="","",IF(C14>=9,"Promotor",IF(C14>=7,"Pasivo","Detractor")))
A15: 11 | D15: =IF(C15="","",IF(C15>=9,"Promotor",IF(C15>=7,"Pasivo","Detractor")))
A16: 12 | D16: =IF(C16="","",IF(C16>=9,"Promotor",IF(C16>=7,"Pasivo","Detractor")))
... A204: 200 | D204: =IF(C204="","",IF(C204>=9,"Promotor",IF(C204>=7,"Pasivo","Detractor")))

Sheet Resultados
A1: Resultados
A2: Se calcula solo a partir de la hoja «Respuestas». No toques las fórmulas.
A4: Panel general
A5: Nº de respuestas | B5: =COUNT('Respuestas'!C5:C204)
A6: % promotores | B6: =IFERROR(COUNTIF('Respuestas'!D5:D204,"Promotor")/COUNT('Respuestas'!C5:C204),"")
A7: % pasivos | B7: =IFERROR(COUNTIF('Respuestas'!D5:D204,"Pasivo")/COUNT('Respuestas'!C5:C204),"")
A8: % detractores | B8: =IFERROR(COUNTIF('Respuestas'!D5:D204,"Detractor")/COUNT('Respuestas'!C5:C204),"")
A9: NPS (puntos) | B9: =IFERROR(ROUND((COUNTIF('Respuestas'!D5:D204,"Promotor")-COUNTIF('Respuestas'!D5:D204,"Detractor"))/COUNT('Respuestas'!C5:C204)*100,0),"")
A11: Valoraciones medias (1-5) y ranking de mejor a peor
A12: Aspecto | B12: Media | C12: Ranking
A13: Tiempo de espera | B13: =IFERROR(AVERAGE('Respuestas'!F5:F204),"") | C13: =IF(B13="","",RANK(B13,$B$13:$B$17,0))
A14: Trato del equipo | B14: =IFERROR(AVERAGE('Respuestas'!G5:G204),"") | C14: =IF(B14="","",RANK(B14,$B$13:$B$17,0))
A15: Consejo recibido | B15: =IFERROR(AVERAGE('Respuestas'!H5:H204),"") | C15: =IF(B15="","",RANK(B15,$B$13:$B$17,0))
A16: Surtido | B16: =IFERROR(AVERAGE('Respuestas'!I5:I204),"") | C16: =IF(B16="","",RANK(B16,$B$13:$B$17,0))
A17: Precio | B17: =IFERROR(AVERAGE('Respuestas'!J5:J204),"") | C17: =IF(B17="","",RANK(B17,$B$13:$B$17,0))
A19: Respuestas por motivo de visita
A20: Receta | B20: =COUNTIF('Respuestas'!E5:E204,"Receta")
A21: Consejo | B21: =COUNTIF('Respuestas'!E5:E204,"Consejo")
A22: Parafarmacia | B22: =COUNTIF('Respuestas'!E5:E204,"Parafarmacia")
A23: Servicio | B23: =COUNTIF('Respuestas'!E5:E204,"Servicio")
A24: Otro | B24: =COUNTIF('Respuestas'!E5:E204,"Otro")
A26: Llamadas pendientes
A27: Personas que piden que se les llame | B27: =COUNTIF('Respuestas'!M5:M204,"Sí")
A28: Llamadas ya hechas | B28: =COUNTIF('Respuestas'!N5:N204,"Sí")
A30: Con menos de 30 respuestas, no saques conclusiones.

Sheet Plan de acción
A1: Plan de acción
A2: Cinco hallazgos como máximo por tanda. Sin acción y responsable, el hallazgo se queda en la hoja de Resultados.
A4: Hallazgo | B4: Palanca afectada | C4: Acción | D4: Responsable | E4: Fecha | F4: Hecho
